region_id	chr	start	end
39	1	911217	912127
83	1	1186158	1186820
128	1	1623759	1624903
130	1	1677138	1678259
144	1	1788476	1789170
276	1	3819984	3820189
284	1	4322574	4323453
285	1	4327332	4328105
404	1	6951832	6952352
548	1	8959750	8960472
856	1	12661800	12662478
1057	1	16866822	16867549
1062	1	16892540	16892931
1101	1	17227226	17227712
1198	1	19719473	19720019
1348	1	22345363	22346104
1353	1	22369025	22370061
1355	1	22374750	22375556
1551	1	24743451	24743620
1656	1	25593059	25593576
1657	1	25593913	25594832
1658	1	25613365	25614172
1659	1	25635157	25636098
1660	1	25656226	25656979
2111	1	31255143	31256190
2351	1	33585378	33586571
2532	1	36924367	36924940
2586	1	38285331	38286080
2709	1	39974665	39975797
2711	1	39991291	39992004
2720	1	40075155	40075783
2736	1	40241624	40242465
3307	1	46885587	46886292
3753	1	53392662	53393931
3954	1	56761681	56762748
4035	1	58621031	58622325
4171	1	59849882	59850628
4295	1	62107068	62107865
4332	1	62761455	62762188
4404	1	64028917	64029826
4431	1	64293885	64294607
4720	1	67157191	67157826
4726	1	67198312	67198869
5503	1	72787643	72789079
6027	1	76757948	76758598
6409	1	79518390	79519126
6870	1	83945230	83946032
7106	1	85755219	85756270
7191	1	86481673	86482467
7282	1	87323572	87324971
7534	1	89551359	89551958
7546	1	89742308	89742807
7621	1	90264961	90266039
7623	1	90272200	90272563
7672	1	90822525	90823155
8001	1	94283494	94284414
8455	1	98891580	98892390
8496	1	99198639	99199631
8653	1	100259229	100260077
9290	1	105249272	105249990
9313	1	105416528	105417172
9490	1	107180046	107180711
9793	1	110230035	110230903
9796	1	110282534	110283443
9963	1	111768389	111769170
9964	1	111772132	111772971
10029	1	112294528	112295203
10054	1	112944975	112946276
10096	1	113383127	113383805
10302	1	116804764	116805583
10581	1	119764741	119765492
10638	1	120217354	120218662
10972	1	144594369	144594509
11190	1	147974972	147975623
11191	1	147993861	147994969
11252	1	149711552	149712409
11520	1	153589863	153590545
11560	1	153900606	153901325
11640	1	154717596	154718122
11666	1	154839611	154839910
12049	1	158496892	158497474
12117	1	159791031	159791770
12310	1	160825071	160825884
12411	1	161605931	161606715
12416	1	161631486	161632151
12672	1	165896312	165897025
12753	1	166893964	166894765
12961	1	168543491	168544380
13024	1	169237175	169237918
13025	1	169240157	169240929
13119	1	170209399	170210078
13280	1	172612468	172613176
13316	1	172993101	172994189
13353	1	173338267	173339056
13526	1	175221513	175222190
13656	1	177769477	177770334
13992	1	181399072	181400001
14082	1	182577581	182578789
15790	1	193337040	193338060
15823	1	193455720	193456555
16445	1	196692345	196693142
16449	1	196712331	196712970
16450	1	196732374	196733630
16573	1	197304278	197305410
16882	1	199242939	199243656
17146	1	201540045	201540909
17192	1	202148280	202148785
17193	1	202149009	202149706
17776	1	208777524	208778218
17871	1	209979260	209980071
18002	1	211822204	211822791
18155	1	213005075	213005477
18159	1	213046529	213047406
19208	1	219967330	219968166
19330	1	220891170	220891899
19466	1	221997286	221997863
19500	1	222165647	222166200
19555	1	222793847	222794460
19570	1	222961894	222962597
19946	1	226612969	226613940
20049	1	227354876	227355884
20197	1	228773256	228773764
20399	1	230889328	230890112
20406	1	231093110	231093938
20644	1	234450762	234451466
20658	1	234610746	234611468
20748	1	235141961	235142591
20833	1	236031467	236031792
21625	1	241974113	241974924
21633	1	242002220	242003385
21757	1	243411178	243412072
21760	1	243427545	243428501
21876	1	244516904	244517538
22016	1	246230704	246231494
22041	1	246495342	246495679
22153	1	247333757	247334144
22225	1	247639347	247640678
22354	1	248347226	248347792
22391	1	248569857	248570962
22396	1	248595040	248596105
22413	1	248638353	248638877
22437	1	248804624	248805705
22543	2	317714	318547
22586	2	739947	741002
22844	2	3509366	3510117
23236	2	6797919	6798568
23539	2	9550122	9550843
23556	2	9691074	9691553
23677	2	10572000	10573105
23690	2	10684216	10684952
23710	2	10930340	10931217
23723	2	11020524	11021357
23872	2	12316968	12318252
23910	2	12644438	12645132
24197	2	14711922	14712794
24321	2	15518233	15519115
24504	2	17385488	17385727
24513	2	17452034	17452699
24534	2	17536796	17537663
24543	2	17588936	17590071
24611	2	17973573	17974308
24657	2	18298772	18299430
24697	2	18688082	18688789
24783	2	19745185	19745833
24821	2	20081202	20081752
24872	2	20390949	20391562
24981	2	20875544	20877377
25207	2	23431548	23432421
25467	2	25622273	25622901
25509	2	25824414	25825652
25714	2	29179115	29179738
25735	2	29411405	29412442
26155	2	34717738	34718894
26230	2	35323322	35323907
26594	2	38060628	38061035
26800	2	39955134	39955725
26999	2	41954485	41955551
27001	2	41963057	41964036
27052	2	42324104	42324669
27062	2	42357191	42357417
27122	2	42826674	42827665
27148	2	43023646	43024216
27260	2	43792906	43793945
27269	2	43945649	43946455
27381	2	45516155	45516607
27428	2	46033582	46034268
27470	2	46211761	46212586
27547	2	46947687	46948412
27619	2	47619155	47619975
27763	2	48746694	48747237
27948	2	50763247	50763948
28288	2	54486396	54487518
28822	2	58675023	58675619
28942	2	60519281	60520121
29264	2	62567956	62568723
29442	2	64461822	64462481
29457	2	64586620	64587619
29874	2	69390091	69390830
29939	2	69962253	69962977
30001	2	70373227	70373980
30023	2	70935671	70936383
30046	2	71290426	71290766
30203	2	73943720	73944652
30522	2	76119562	76120006
30853	2	84439661	84440503
31005	2	85619348	85620073
31008	2	85632426	85633304
31105	2	86295079	86295714
31125	2	86448066	86448706
31177	2	87444734	87445378
31210	2	87824041	87824661
31211	2	87824958	87825644
31232	2	88469401	88470305
31289	2	89028446	89029353
31850	2	99108703	99109484
31943	2	100767682	100768263
32154	2	103342640	103343526
32314	2	105831982	105833055
32384	2	106404137	106404722
32398	2	106428429	106429072
32478	2	106885981	106886853
32574	2	109068630	109069514
32575	2	109076672	109077582
32842	2	112740138	112740915
32991	2	114192520	114192861
32994	2	114260189	114261427
33002	2	114354914	114355641
33008	2	114409577	114410652
33328	2	119640134	119640712
33346	2	119975908	119976755
33356	2	120048370	120048940
33363	2	120112926	120114028
33364	2	120118479	120118955
33458	2	121024820	121025371
33625	2	122893504	122894112
33705	2	123623593	123624185
33925	2	127117022	127117625
33955	2	127398867	127399490
34081	2	128099539	128100189
34082	2	128102316	128102952
34211	2	129492002	129492762
34214	2	129511665	129512478
34247	2	130431293	130432153
34266	2	130693844	130694376
34324	2	131708406	131709128
34365	2	132198206	132199107
34388	2	132314866	132315921
34390	2	132335317	132336124
34394	2	132342025	132343044
34409	2	132493917	132494462
34420	2	132549788	132550604
34513	2	133408629	133409679
34777	2	135540014	135540810
35650	2	142327649	142328891
36005	2	144660740	144661295
36980	2	152053621	152054544
37182	2	153415021	153415979
37429	2	154888661	154889201
37721	2	156486754	156487682
37722	2	156490498	156491172
37840	2	157048807	157049479
37925	2	157398462	157398477
38318	2	160057715	160058542
38451	2	161058371	161059316
38879	2	163447829	163448418
38903	2	163577066	163577832
39786	2	168896355	168896796
39787	2	168897188	168897444
39811	2	169067576	169068978
40001	2	169964083	169964702
40011	2	170079097	170079687
40018	2	170249395	170250098
40326	2	174129258	174129998
40349	2	174722928	174723651
40357	2	174763775	174764045
40551	2	177270047	177270728
40593	2	177861772	177862793
40689	2	178648620	178649490
40769	2	179684628	179685262
40812	2	180070962	180072481
40823	2	180112078	180113094
41181	2	182034828	182035424
41573	2	184131780	184132698
41995	2	186120161	186120790
42222	2	187214065	187214647
42233	2	187263473	187264273
42276	2	187424092	187425119
42506	2	188340138	188341081
43140	2	191329613	191330355
43345	2	192112343	192112934
44164	2	195914036	195914738
44297	2	196475376	196476114
44400	2	196945176	196945693
44676	2	198144393	198145289
44683	2	198163374	198163718
45089	2	201637135	201638165
45701	2	208491935	208492256
45709	2	208533626	208534264
45710	2	208541445	208542223
45713	2	208548417	208549341
45779	2	208929128	208929930
45880	2	209509804	209510392
46035	2	210377411	210378220
46740	2	213354414	213355166
46745	2	213369977	213370796
46842	2	213825923	213827112
46849	2	213855367	213856455
46935	2	214085421	214086548
47382	2	216695946	216696708
47538	2	217950341	217951728
47951	2	223057808	223058902
47952	2	223059225	223059922
48111	2	223808191	223809142
48123	2	223884767	223885562
48236	2	224812404	224812535
48258	2	224927543	224928365
48365	2	225794821	225795342
48370	2	225803386	225803889
48411	2	225917340	225917963
48589	2	227165084	227165717
48590	2	227170950	227171500
48719	2	227859538	227859830
48862	2	228746723	228747456
48902	2	229005596	229006346
48936	2	229265665	229266857
49163	2	231336838	231337821
49576	2	235199175	235199751
49705	2	238439358	238439751
49753	2	238809776	238810757
49754	2	238813397	238815082
49886	2	241566163	241566648
49894	2	241832683	241833493
49914	2	242071905	242072761
49963	2	242671744	242672381
49985	2	242817597	242818349
50449	3	2961673	2962319
50483	3	3079720	3080759
50501	3	3152596	3153077
50589	3	3670295	3671140
50770	3	4870708	4871050
50952	3	5606545	5607188
51068	3	6291256	6292339
51567	3	10328384	10329032
51698	3	12352191	12352768
51699	3	12358040	12358924
51750	3	12828779	12829656
51866	3	13502919	13503541
51900	3	14257587	14258523
52002	3	15259313	15259892
52040	3	15440085	15440804
52059	3	15680287	15680735
52106	3	16183638	16184397
52116	3	16327543	16328551
52148	3	16413872	16414465
52154	3	16422056	16422198
52234	3	16782792	16783953
53025	3	22167186	22167730
53244	3	23311310	23312440
53382	3	23795588	23796190
53986	3	27251018	27251945
54007	3	27381866	27382515
54285	3	28981873	28983118
54394	3	29728251	29728916
54662	3	31844342	31845020
54821	3	33104959	33105635
55164	3	35637707	35638618
55797	3	42143885	42144611
55801	3	42170452	42171012
55802	3	42171131	42171765
55820	3	42257694	42258263
55837	3	42533876	42534384
56048	3	45422477	45423457
56749	3	53246699	53247261
56750	3	53252096	53252617
56983	3	57673935	57674482
57000	3	57944468	57946165
57392	3	63524484	63525618
57657	3	67399731	67400602
57705	3	67733895	67734391
57756	3	69117527	69118167
57797	3	69369834	69370561
58012	3	72038399	72038928
59880	3	95106106	95106939
60176	3	97907239	97907903
60200	3	98052619	98053758
60279	3	98411493	98412406
60466	3	99628463	99629238
60473	3	99656309	99657091
61098	3	104255405	104256116
61196	3	105056691	105058055
61867	3	110979575	110980206
62827	3	118937776	118938459
62860	3	119078352	119079358
63016	3	119998895	119999919
63069	3	120403951	120404402
63084	3	120492675	120493373
63250	3	122044152	122045192
63282	3	122307871	122308692
63292	3	122364879	122365804
63295	3	122387980	122388670
63325	3	122693972	122695263
63432	3	124358393	124359314
63497	3	124895279	124895935
63555	3	125709057	125709923
63560	3	125819320	125819956
63591	3	126673185	126674350
63866	3	129816977	129817715
64009	3	131993728	131994394
64090	3	133199015	133199753
64263	3	134650181	134650677
64345	3	136024575	136025207
64368	3	136455536	136456374
64534	3	138509858	138510677
64569	3	138920853	138921822
64680	3	140824591	140825310
64848	3	142649982	142650586
65223	3	144774104	144775624
65998	3	148914622	148915863
66272	3	151116543	151117217
66487	3	152226495	152227307
66488	3	152229547	152230257
66489	3	152233831	152234470
66490	3	152236048	152236442
66491	3	152236956	152237667
66586	3	153001991	153002557
66667	3	153511508	153512590
66853	3	154842431	154843455
66979	3	155867716	155868701
66992	3	156008949	156010025
67042	3	156299849	156301052
67121	3	156675384	156676126
67307	3	157845386	157846186
67849	3	161206016	161206484
68078	3	162583221	162584043
68079	3	162608823	162610652
69167	3	169728157	169728867
69210	3	169921085	169921854
69269	3	170580272	170581228
69571	3	172195955	172196307
70293	3	176297405	176298529
70742	3	178734852	178735534
70811	3	178984632	178985010
70960	3	179906226	179907359
71305	3	182409685	182410851
71331	3	182532216	182533109
71337	3	182623390	182624366
71536	3	184780738	184781692
71547	3	185016908	185017345
71548	3	185017500	185018160
71634	3	185955582	185956179
71654	3	186175969	186176623
71686	3	186423799	186424499
71801	3	187490955	187491948
72205	3	191065786	191067001
72206	3	191070815	191071674
72234	3	191173231	191173973
72406	3	192579591	192580252
72414	3	192598962	192599668
72421	3	192616410	192617181
72425	3	192628393	192629597
72426	3	192632440	192633482
72602	3	194375020	194375738
72643	3	194877794	194878572
72695	3	195356889	195357795
72699	3	195384370	195385242
72713	3	195474553	195475287
72717	3	195576654	195576829
72730	3	195681124	195681878
72764	3	195916328	195916845
72779	3	195996906	195997895
72847	3	196647370	196648107
72966	3	197829703	197830508
73141	4	1731301	1731927
73201	4	2496552	2497120
73221	4	2667132	2667840
73230	4	2736065	2736872
73239	4	2772349	2773371
73321	4	3374375	3375206
73379	4	4147218	4147938
73380	4	4151615	4152466
73383	4	4210071	4210795
73557	4	6753154	6753856
73592	4	6953629	6954864
73735	4	9160041	9160644
73739	4	9325794	9326500
73770	4	9871361	9872305
73781	4	9964217	9965760
73965	4	10956262	10956943
74104	4	12927843	12928595
74335	4	15150954	15152021
74901	4	20726481	20727165
75148	4	24659484	24660149
75425	4	26874792	26875567
75482	4	27105617	27106900
75915	4	34800271	34801099
76072	4	35913664	35914327
76083	4	35966892	35967715
76097	4	36042870	36043596
76340	4	37633843	37634365
76345	4	37654517	37655572
76440	4	38180172	38180613
76554	4	38959897	38960687
76715	4	40266682	40267831
76785	4	40593335	40594550
76786	4	40605018	40606554
76808	4	40723876	40724222
76835	4	40992659	40992937
76871	4	41648976	41650143
76935	4	42322665	42323666
77001	4	42598757	42599469
77244	4	44740576	44741070
77446	4	47012771	47013687
77615	4	48175232	48176178
77629	4	48199603	48200005
77669	4	48279043	48279593
77862	4	49288806	49289824
77905	4	52661453	52662320
77906	4	52676619	52677345
78162	4	55226010	55226913
78723	4	62738607	62739359
78725	4	62742855	62744139
79302	4	68387126	68387767
79334	4	68498071	68498734
79341	4	68550788	68551975
79466	4	69370507	69371805
79467	4	69401253	69402478
79468	4	69413244	69414169
79469	4	69418605	69420111
79471	4	69435119	69436336
79472	4	69438421	69439061
79473	4	69439295	69439711
79474	4	69441545	69442570
79476	4	69447509	69448847
79477	4	69458299	69459052
79478	4	69482701	69483607
79479	4	69484948	69485189
79480	4	69487102	69487490
79481	4	69487766	69488988
80130	4	73832271	73832885
80354	4	75201079	75201915
80471	4	76580633	76581260
80500	4	76822405	76823225
80580	4	77693705	77694468
80746	4	79510101	79510881
80938	4	80926893	80927444
80988	4	81149663	81149969
80989	4	81150597	81151287
81055	4	81794537	81794759
81290	4	84167150	84167719
81481	4	86477407	86477896
81491	4	86528647	86529289
81554	4	86874138	86875147
81964	4	89998730	89999411
81994	4	90211752	90212424
82049	4	90750490	90751323
82056	4	90819351	90820102
82238	4	91932318	91934167
83196	4	99072235	99073114
83654	4	102183715	102184419
84235	4	105691759	105693023
84806	4	109297844	109298704
84915	4	110511998	110512823
85523	4	114693789	114694697
85574	4	115029814	115030935
85636	4	115511106	115512100
85876	4	116877084	116877922
86624	4	122089645	122090604
86741	4	122898764	122899665
86911	4	124267674	124268550
86917	4	124284720	124285403
87174	4	125864808	125865506
87691	4	129380535	129381118
87741	4	129724668	129725508
88006	4	131257616	131258423
88155	4	132534540	132535489
88184	4	132663688	132664964
88185	4	132671051	132672114
88215	4	133045135	133045966
89044	4	139415871	139416594
89104	4	139840177	139840780
89106	4	139864255	139865537
89419	4	142230947	142231451
89682	4	143940552	143940813
89718	4	144202555	144203446
89793	4	144589895	144590700
90052	4	146630624	146631542
90818	4	151246841	151247586
90998	4	153000784	153001494
91036	4	153225149	153225929
91176	4	153934370	153935234
91190	4	154033090	154033635
91358	4	154883376	154884198
91369	4	155040175	155040959
91628	4	156810482	156811108
91724	4	157299078	157299732
93024	4	164519055	164519987
93044	4	164595062	164595963
93337	4	166158956	166159741
93357	4	166252318	166252929
93555	4	167414947	167416185
94546	4	172875714	172876333
95006	4	175041464	175042170
96049	4	181344368	181345822
96321	4	183434629	183435921
96379	4	183890356	183891530
96482	4	185021343	185021949
96527	4	185252587	185252765
96862	4	187079264	187079986
97026	4	190154879	190155397
97027	4	190156074	190156782
97039	4	190285079	190285719
97043	4	190386418	190388708
97397	5	753975	754834
97436	5	1104741	1105048
97490	5	1490593	1490797
97495	5	1502151	1502630
97528	5	1765077	1765824
97609	5	5364806	5365588
97690	5	6228433	6229186
97709	5	6393390	6394266
97760	5	6718368	6718893
97793	5	6837041	6838371
97865	5	7894723	7895463
98187	5	10590678	10591402
98197	5	10621854	10622461
98287	5	11143630	11144494
98563	5	14248108	14248266
98566	5	14252977	14253285
98696	5	14744180	14745607
98702	5	14767897	14768600
98721	5	14870495	14870787
98835	5	16561664	16562579
98967	5	17519592	17520660
99053	5	18465956	18466728
99342	5	21481593	21482374
99344	5	21483483	21484518
99345	5	21485580	21486252
100336	5	34534061	34534910
100442	5	35602390	35603075
100456	5	35815429	35816190
100483	5	36070778	36071826
100537	5	36685546	36686578
100642	5	37881164	37881956
100802	5	40276980	40277931
101173	5	43009501	43009699
101591	5	49859732	49860499
101876	5	52290767	52291727
101885	5	52336920	52337638
101963	5	53502339	53503306
101998	5	54048724	54049419
102046	5	54716700	54717459
102157	5	55860702	55861164
102158	5	55861406	55862055
102390	5	58667254	58667912
102769	5	62423719	62424373
103393	5	71389489	71390287
103511	5	73046961	73047873
103512	5	73055458	73056202
103579	5	74249518	74250383
103665	5	75471527	75472365
103716	5	75902561	75903936
103723	5	75959689	75960425
103962	5	79397707	79398372
103978	5	79511628	79512643
104296	5	82736626	82738097
104431	5	83550426	83551571
104432	5	83552746	83553333
104434	5	83555789	83556398
104435	5	83556736	83557195
104436	5	83557477	83558078
104439	5	83569007	83569826
104811	5	86399317	86399965
105556	5	91440456	91441308
106976	5	100125875	100126543
107349	5	102082904	102083954
107473	5	102681031	102681653
107966	5	106599053	106599769
108044	5	106852667	106853285
108124	5	107155977	107156631
108544	5	110051998	110052747
108632	5	110572601	110573883
108709	5	111040223	111040617
109332	5	114975957	114976308
109514	5	116113538	116114343
109528	5	116215733	116216379
110068	5	119029887	119030537
110716	5	122774625	122775016
110719	5	122785905	122786080
111028	5	125164901	125165500
111143	5	125930329	125931261
111414	5	127527889	127528563
111715	5	129244860	129245384
111807	5	129877258	129878104
112117	5	131766524	131766803
112242	5	132866703	132867390
112256	5	133160347	133161122
112532	5	136924692	136925529
112631	5	137937026	137937605
113103	5	141757925	141758969
113228	5	142540343	142541150
113229	5	142544255	142545046
113643	5	145552592	145553672
113710	5	146193024	146193827
113968	5	148721217	148721916
114032	5	149155394	149155746
114285	5	150618769	150619242
114299	5	150677510	150678142
114330	5	150992338	150993158
114712	5	153921197	153921793
114844	5	155478766	155480974
114955	5	156474799	156475375
114992	5	156642835	156643219
115040	5	156926669	156927279
115043	5	156936485	156937252
115147	5	157991867	157992755
115156	5	158103556	158104543
115315	5	158879806	158881043
115376	5	159647970	159648704
115947	5	162900569	162901156
116564	5	167654889	167655708
116600	5	167908167	167908869
116635	5	168278773	168279670
116732	5	169255191	169255970
116797	5	169578310	169579044
117000	5	171605480	171605740
117018	5	171788407	171789074
117162	5	173212486	173212740
117352	5	176717845	176718622
117421	5	177098752	177099554
117425	5	177301991	177303314
117469	5	177665803	177667135
117483	5	178012340	178012974
117519	5	179084497	179085846
117571	5	179740563	179741233
117583	5	179966956	179967782
117623	5	180402117	180402955
117625	5	180417008	180418063
117641	5	180587320	180587839
117642	5	180588108	180588633
117922	6	2861171	2861469
117935	6	2898281	2899156
117941	6	2936805	2937675
117946	6	2952673	2953415
118020	6	3978077	3978981
118032	6	4153579	4154373
118132	6	5335085	5335797
118149	6	5517952	5518546
118221	6	6331468	6332122
118267	6	6659193	6659694
118415	6	7897880	7898562
118429	6	7938664	7939235
118439	6	8017353	8018243
118480	6	8481755	8482476
118767	6	11318380	11319055
119007	6	13299394	13300267
119146	6	14371503	14372159
119347	6	16092873	16093796
119609	6	18327569	18328378
119760	6	20197433	20198026
119774	6	20267074	20267847
119775	6	20270678	20271484
120006	6	22357610	22358530
120089	6	23713299	23713960
120687	6	29476920	29477625
120709	6	29670137	29670804
120735	6	29893884	29895302
120858	6	30923150	30923940
120864	6	31020812	31022040
120878	6	31153491	31154662
120888	6	31275629	31276682
121008	6	32194142	32194698
121030	6	32430211	32430928
121033	6	32455515	32456860
121039	6	32551464	32552513
121048	6	32595085	32596104
121117	6	32986558	32987491
121514	6	37000848	37001581
121585	6	37485193	37485700
121610	6	37664614	37666105
121611	6	37666247	37667018
121907	6	41929252	41929956
122017	6	43111097	43111866
122164	6	44139665	44139941
122199	6	44492360	44493148
122442	6	47564795	47565916
122490	6	47935382	47936096
122496	6	48005610	48006247
122867	6	51543615	51544383
122878	6	51670157	51670953
123188	6	53820749	53821473
123300	6	54485513	54486558
123421	6	55753511	55754318
123495	6	56235373	56236348
123572	6	56622401	56623818
124168	6	63971580	63972985
124691	6	68803837	68804509
125170	6	72163649	72164284
125505	6	74596105	74597051
125609	6	75452424	75453208
125951	6	77452468	77453109
126139	6	78969315	78970907
126140	6	78985372	78986663
126141	6	78991582	78993872
126142	6	79017595	79018230
126772	6	83216750	83217347
127137	6	86010865	86011394
127404	6	87808756	87809747
127480	6	88204185	88205019
127493	6	88337911	88338838
127545	6	88515649	88516115
127583	6	88887313	88888263
127594	6	89152530	89153760
127618	6	89325587	89326605
127787	6	90960892	90961646
127953	6	92194822	92195214
128678	6	97242993	97243862
129083	6	99789820	99790476
129152	6	100271442	100272210
129217	6	100706783	100707020
129899	6	105261334	105261865
129900	6	105262573	105263454
130124	6	107124760	107125698
130320	6	109639412	109640269
130557	6	111896461	111897284
130677	6	112790260	112790378
130851	6	114018087	114019320
131643	6	118191596	118192510
131699	6	118765875	118767399
131896	6	119652826	119653319
131998	6	120177192	120177822
132229	6	121526566	121527323
132661	6	123723062	123723737
133124	6	126186118	126186711
133868	6	130591127	130591932
133875	6	130627382	130628028
133889	6	130702513	130703593
134044	6	132320604	132321286
134238	6	134287735	134288525
134278	6	134608992	134610387
134315	6	135202964	135204053
134317	6	135259943	135260581
134622	6	138018392	138018960
134737	6	138820310	138821043
134806	6	139420954	139421659
135495	6	142992763	142993457
135708	6	144408804	144409634
135823	6	145141270	145141895
135844	6	145396424	145397051
136352	6	148941591	148942275
136488	6	149809733	149810356
136649	6	151706085	151706857
137024	6	154278403	154279060
137134	6	154762416	154763316
137163	6	154932139	154932891
137172	6	155010636	155011629
137226	6	155463950	155465275
137265	6	155594318	155594990
137304	6	155831945	155832790
137460	6	157263312	157263982
137530	6	157702522	157703014
137673	6	158683234	158684334
137675	6	158704486	158705159
137676	6	158705174	158705853
137815	6	159590058	159591299
137822	6	159882936	159883530
137831	6	160086763	160087443
137857	6	160250460	160251381
137867	6	160334422	160335845
137985	6	161055516	161056311
138006	6	161212442	161213295
138379	6	163858436	163859050
138521	6	164545335	164546326
138792	6	166575923	166576737
138813	6	166672238	166673491
138825	6	166726617	166727202
138897	6	167165535	167166036
138904	6	167260088	167260757
138939	6	167433626	167434256
138992	6	167900075	167901135
139062	6	169512555	169513433
139171	6	170707689	170709509
139173	6	170723151	170723674
139208	7	302769	304192
139290	7	1087692	1088310
139736	7	5937883	5938593
139916	7	7745554	7746637
139940	7	7860548	7860998
140004	7	8160509	8161475
140570	7	11882782	11883547
140991	7	14726535	14727253
140992	7	14727478	14728301
141357	7	17206348	17207121
141497	7	18236150	18237377
141726	7	19626843	19627447
141788	7	20123337	20124053
142018	7	21937766	21938582
142041	7	22186627	22187219
142145	7	22933185	22933898
142196	7	23430826	23431623
142223	7	23634600	23635309
142334	7	24831921	24832590
142400	7	25070506	25071429
142467	7	26136596	26137477
142468	7	26140613	26141812
142650	7	28744393	28745446
142798	7	30502940	30503458
142841	7	30838056	30838562
142904	7	31851229	31852161
143074	7	33517155	33518096
143337	7	36729897	36730876
143338	7	36731988	36732626
143434	7	37389452	37390221
143541	7	38289336	38289998
143561	7	38384253	38384885
143562	7	38384980	38385649
143563	7	38388676	38389971
143564	7	38392951	38394310
143565	7	38397799	38399155
143582	7	38502830	38503774
143648	7	39550318	39551358
143672	7	39749187	39750082
143675	7	39781663	39782402
143796	7	41517410	41518241
143914	7	43111919	43112717
143943	7	43626011	43627235
143944	7	43630387	43631632
144011	7	44025360	44026088
144110	7	44807711	44808403
144129	7	44954528	44955131
144274	7	47188733	47189831
144775	7	50807604	50808260
145116	7	55971608	55972581
145117	7	55975887	55976526
145153	7	56440977	56441569
145334	7	64146793	64147533
145418	7	65305332	65306048
145546	7	66351058	66351646
145547	7	66351851	66352576
145566	7	66628152	66628913
145981	7	74306136	74307301
145982	7	74317844	74318812
145996	7	74988282	74989213
146084	7	76017965	76019029
146091	7	76067078	76067722
146100	7	76128548	76129582
146103	7	76145124	76145732
146104	7	76147310	76147893
146116	7	76242998	76243595
146131	7	76614024	76614543
146295	7	77669346	77670047
146729	7	81441968	81442799
146851	7	82344394	82345311
146895	7	82582521	82583071
147748	7	87730894	87731666
148087	7	89810675	89810972
148625	7	93671602	93672197
148639	7	93698118	93699057
148676	7	94021042	94022039
149263	7	100329635	100330583
149606	7	104896514	104898222
149644	7	105233886	105234961
149825	7	107201282	107201758
149905	7	107968411	107969175
151328	7	116138326	116138716
153068	7	124636670	124637403
153296	7	126051125	126052350
153343	7	126297582	126298274
153677	7	128114245	128114605
153792	7	129108257	129108958
153841	7	129693854	129694832
153870	7	129932787	129933840
153871	7	129934148	129934583
153886	7	130116095	130116926
154083	7	132741380	132742187
154200	7	134604748	134605406
154231	7	134871370	134872122
154331	7	135562338	135563017
154332	7	135570975	135571658
154367	7	135697243	135698014
154620	7	137575072	137575749
154681	7	137822307	137823431
154682	7	137831124	137832513
155290	7	143724967	143725506
155304	7	143875393	143876039
155317	7	143991122	143991628
155374	7	144410861	144411416
155484	7	144960898	144961476
155829	7	148095113	148095413
155951	7	148888053	148888962
156188	7	151033034	151033914
156451	7	154796032	154796573
156483	7	155075211	155076024
156550	7	155468730	155469228
156751	7	157312841	157313530
156763	7	158129162	158130479
156849	8	156589	157409
156895	8	613475	614360
156900	8	637668	638693
157014	8	2081850	2082285
157355	8	6622437	6623137
157394	8	7078815	7079928
157395	8	7085328	7086064
157405	8	7537315	7538655
157420	8	8056235	8056972
157421	8	8070518	8071398
157422	8	8085215	8086385
157508	8	8640979	8641632
157510	8	8646161	8647539
157512	8	8662802	8663504
157581	8	9106292	9107030
157667	8	10662744	10663752
157748	8	11305951	11306869
157749	8	11308979	11310309
157755	8	11337155	11338271
157836	8	11973024	11973854
157842	8	12219378	12220214
157966	8	13512460	13512956
158352	8	19495175	19495943
158373	8	19658972	19660129
158776	8	25364539	25365386
158868	8	26833750	26834487
158978	8	27743508	27744509
158997	8	28026671	28027312
159058	8	28491152	28491979
159148	8	29228708	29229205
159182	8	29441697	29442505
159228	8	29826960	29827782
159899	8	38684320	38684836
159998	8	39328432	39329673
159999	8	39334012	39335918
160000	8	39338003	39338755
160001	8	39355984	39356903
160002	8	39368823	39370055
160062	8	39801116	39801661
160063	8	39802678	39803720
160079	8	39858584	39859584
160091	8	40031866	40032624
160172	8	41479793	41481319
160185	8	41522591	41523487
160256	8	42039702	42039938
160316	8	42549873	42550256
160430	8	46839817	46840122
160481	8	47914451	47915223
160707	8	50048273	50049089
160718	8	50110652	50111482
161570	8	58118141	58119020
161571	8	58122058	58123571
161711	8	59447278	59447904
161968	8	61522436	61523184
162063	8	61862145	61862637
162191	8	62660754	62661430
162563	8	65582346	65582960
162751	8	66910334	66911018
162799	8	67358152	67358931
162923	8	68777934	68778642
163171	8	70925583	70926301
163172	8	70927533	70928091
163311	8	71594631	71595392
163723	8	75366142	75366944
164411	8	79635662	79636449
164679	8	81046540	81047689
164685	8	81063452	81064706
164825	8	82042378	82043246
164826	8	82044801	82045470
164910	8	82707380	82708153
165122	8	84050702	84051134
165216	8	84736896	84737682
166868	8	95693928	95694612
166875	8	95794263	95795721
166880	8	95845613	95846302
166950	8	96225239	96225745
167355	8	101334398	101335231
167466	8	102074017	102074772
167669	8	103650591	103651238
167729	8	103943737	103944319
167761	8	104137004	104137617
167888	8	105290552	105291633
167901	8	105341946	105342676
167988	8	105698485	105699231
168797	8	110338870	110339255
168823	8	110533591	110534013
169718	8	115639852	115640850
170227	8	118874191	118874837
170422	8	120209139	120210429
170467	8	120645281	120646001
170855	8	123982276	123983457
170866	8	124036575	124037145
170966	8	125049844	125050482
170971	8	125117013	125117600
171637	8	130281299	130282098
171680	8	130634384	130635172
171929	8	132931417	132931924
172010	8	133860579	133861350
172050	8	134228720	134229099
172148	8	135023035	135023802
172212	8	135550221	135550809
172233	8	135593278	135594089
172731	8	142337242	142338017
172744	8	142413994	142414464
172829	8	144301626	144302390
172865	8	144635360	144636243
172874	8	144659800	144661009
172928	8	145164105	145164921
173023	9	178788	179490
173056	9	596382	597312
173067	9	656782	657698
173068	9	660075	660967
173070	9	700524	701420
173071	9	706540	707576
173075	9	750915	751675
173076	9	755601	756357
173244	9	2601809	2603281
173255	9	2697327	2698118
173437	9	4559233	4560124
173439	9	4574726	4575444
173621	9	5768183	5768950
173685	9	6243613	6244291
173732	9	6630780	6631331
173761	9	6779221	6780123
173792	9	6931785	6933070
173828	9	7129264	7130371
173831	9	7144129	7145228
173999	9	8649037	8649676
174067	9	9326749	9327300
175130	9	19250771	19251705
175361	9	20996724	20997292
175378	9	21121690	21122342
175447	9	21412069	21412811
176033	9	27585977	27586656
176045	9	27690355	27691284
176367	9	31119723	31120462
176373	9	31146405	31147251
176375	9	31153117	31153940
176382	9	31210858	31211646
176698	9	33523260	33524437
176759	9	34252721	34253426
177070	9	37061707	37062212
177127	9	37342472	37343359
177186	9	37705490	37706604
177301	9	39817150	39817985
177317	9	42250757	42252007
177319	9	42254697	42255025
177336	9	44118421	44119274
177610	9	69381313	69382023
177613	9	69423339	69424190
177624	9	69784232	69784954
177682	9	70992471	70993179
177694	9	71192602	71193639
177707	9	71286997	71287634
177899	9	73279707	73280538
178164	9	75794264	75794955
178264	9	76651484	76652239
178379	9	77668612	77669287
178502	9	79078027	79078793
178593	9	80442197	80442748
178605	9	80637742	80638509
178654	9	81167737	81168516
179008	9	85834571	85834930
179010	9	85845894	85846572
179119	9	87211925	87212621
179135	9	87362877	87363598
179258	9	89200099	89201486
179418	9	92036975	92037581
179436	9	92088583	92089271
179457	9	92144527	92145052
179460	9	92157354	92158055
179488	9	92483151	92483875
179700	9	95502710	95503539
180104	9	100866624	100867272
180154	9	101693011	101694294
180245	9	102331907	102332595
180502	9	104809527	104810282
180503	9	104811784	104812745
180726	9	106939824	106940465
180807	9	107448088	107448725
181019	9	109088583	109089455
181051	9	109515355	109516125
182073	9	121126467	121127478
182289	9	124601955	124602675
182333	9	125167840	125169080
182338	9	125299113	125299850
182841	9	130793104	130793761
182864	9	130955064	130955490
182938	9	132031058	132031194
183295	9	136574209	136574920
183530	9	140017756	140018364
183582	9	140356095	140356871
183709	10	1082019	1082836
183729	10	1282269	1283686
183796	10	1984508	1985211
183834	10	3090633	3091280
183876	10	3372767	3373393
183944	10	3924910	3925613
183983	10	4292118	4293150
184096	10	5894156	5894962
184097	10	5895473	5895845
184143	10	6176937	6177527
184175	10	6423843	6424574
184210	10	6954258	6955385
184503	10	10460142	10460879
184541	10	11122290	11123127
184725	10	11778801	11780135
184744	10	12063766	12064334
184752	10	12095417	12096312
184810	10	12514996	12516182
184864	10	13159910	13160856
184939	10	13958244	13959293
184945	10	14029352	14030015
184981	10	14602195	14602746
185048	10	15109054	15109766
185173	10	16933226	16934366
185225	10	17626850	17627531
185226	10	17628689	17629345
185260	10	18278543	18279275
185399	10	20236583	20237070
185976	10	26190062	26190646
186013	10	26673497	26674165
186028	10	26736203	26736696
186150	10	27608113	27609361
186199	10	28623699	28624488
186215	10	28825484	28826302
186240	10	29096794	29097712
186403	10	31040683	31041239
186423	10	31274788	31275446
186434	10	31379604	31380389
186444	10	31438637	31439411
186521	10	32250276	32251099
186847	10	35473424	35474990
187228	10	42863003	42863836
187284	10	43605602	43606455
187293	10	43622118	43622903
187516	10	45875442	45876065
187630	10	47639551	47640165
187638	10	47918017	47918649
187695	10	49625371	49626727
187765	10	50115629	50116317
187777	10	50332028	50333031
187808	10	50507711	50508641
187851	10	51502705	51503839
187852	10	51544305	51545039
187972	10	52360031	52361107
188201	10	54514931	54515813
188264	10	54784582	54785553
188265	10	54785600	54785729
188770	10	59845706	59846645
188772	10	59854643	59855601
189061	10	61795619	61796286
189063	10	61801203	61801942
189097	10	61997900	61998560
189100	10	62042418	62043083
189129	10	62332136	62333694
189190	10	62749059	62749748
189364	10	63893279	63893937
189479	10	64683978	64684729
189613	10	65631924	65632572
190069	10	70855694	70856338
190109	10	71224495	71225405
190167	10	72117404	72117861
190310	10	73744371	73745842
190456	10	75617078	75617708
190783	10	80338575	80339250
190914	10	81284720	81285628
190947	10	81696804	81697313
190951	10	81788790	81789473
190964	10	81918229	81918905
190983	10	81997496	81998399
191412	10	85677137	85678007
191482	10	86076765	86077362
191615	10	87898675	87899354
191620	10	87984003	87985227
191735	10	89195794	89196360
191887	10	90485368	90486123
192517	10	97747584	97748746
192916	10	102291484	102292039
193223	10	105517490	105518327
193254	10	105746016	105746637
193298	10	106146889	106147683
193610	10	109201579	109202255
193954	10	111662682	111663783
194041	10	112014177	112014995
194310	10	114112658	114113338
194318	10	114148978	114149733
194441	10	115720357	115720874
194455	10	115794509	115795450
194749	10	118456246	118456931
194863	10	120091595	120092244
194876	10	120428182	120429450
194880	10	120457843	120458484
194907	10	120849869	120850930
195090	10	123275804	123276475
195231	10	125686032	125686808
195524	10	130262492	130263110
196030	11	2322896	2323621
196393	11	6509363	6510034
196490	11	7487031	7487269
196531	11	7613014	7613784
196547	11	7711610	7712337
196643	11	8854132	8854966
196830	11	10764318	10764765
196863	11	11191204	11192420
197386	11	16930845	16931645
197493	11	18247330	18248003
197520	11	18433573	18434159
197532	11	18552001	18552779
197605	11	19302428	19303152
197692	11	20101331	20102092
197823	11	21656589	21657386
198151	11	24535461	24536230
198265	11	26065124	26065731
198482	11	27656998	27657683
198951	11	32551612	32552285
199092	11	33833456	33834175
199183	11	34334595	34335266
199265	11	35088347	35089161
199338	11	35373138	35374342
199365	11	35705229	35705890
199421	11	36328297	36329060
199928	11	44527327	44528758
199999	11	45124224	45125006
200214	11	47338543	47339442
200243	11	47528732	47529277
200677	11	57413622	57414162
200786	11	58414408	58415299
200983	11	60265870	60266874
201188	11	62334502	62335240
201319	11	64007558	64007902
201521	11	65558980	65559671
201626	11	66362706	66363303
201764	11	67761165	67761846
201936	11	70964065	70964829
202304	11	75293939	75294869
202508	11	77742565	77743296
202815	11	82268219	82268878
202971	11	83294898	83295550
203156	11	85498129	85498692
203157	11	85498766	85499655
203210	11	85852617	85853197
203290	11	86306772	86306796
203322	11	86733200	86733833
203389	11	87529864	87530484
203423	11	87913250	87913436
203438	11	88040712	88041508
203454	11	88074686	88075499
203668	11	90459349	90459932
203803	11	92355980	92356735
203831	11	92662413	92663203
203866	11	93021067	93021728
203867	11	93021866	93022426
203939	11	93477893	93478838
204024	11	94314863	94315547
204028	11	94326061	94326625
204157	11	95310754	95311597
205547	11	106788617	106789225
205680	11	108096012	108096508
205717	11	108533388	108534601
205827	11	109930312	109931168
205958	11	111065279	111066323
205998	11	111270080	111270786
206155	11	113484202	113484936
206223	11	114996928	114997893
206254	11	115741961	115742183
206353	11	117056341	117057209
206878	11	123129302	123130074
206957	11	123692689	123693765
206981	11	124199893	124200593
207038	11	124906622	124907584
207589	11	130974410	130975440
207646	11	131898358	131899027
207759	11	134101717	134102428
207811	12	561993	562941
207814	12	662521	663350
207828	12	739570	740261
207855	12	831528	832059
207927	12	1755975	1756897
208026	12	3852881	3853642
208366	12	8542763	8543568
208412	12	9236921	9237607
208420	12	9436103	9437353
208435	12	9645676	9646393
208436	12	9668303	9669002
208545	12	10563695	10564416
208548	12	10696122	10696541
208577	12	11227992	11228724
208578	12	11237914	11238596
208683	12	12008071	12009450
208713	12	12189253	12190074
209170	12	16342708	16343334
209679	12	21733632	21734574
210451	12	28014586	28015302
210484	12	28405924	28406739
211208	12	39538852	39539680
211365	12	40735699	40736382
211372	12	40775945	40776599
211513	12	42078836	42079293
211519	12	42163474	42164199
211558	12	42482410	42483170
211564	12	42512689	42513383
211714	12	43678911	43679503
211946	12	45902797	45903572
212015	12	46459116	46459994
212144	12	47583756	47585089
212183	12	48044222	48044922
212554	12	51714499	51715152
213085	12	57512441	57513467
213364	12	59799605	59800286
213385	12	59942328	59943072
213386	12	59943254	59944054
213765	12	63695932	63696888
213875	12	64851011	64851718
214058	12	66584623	66585402
214128	12	67107087	67108240
214168	12	67752492	67753447
214467	12	70326716	70327501
214532	12	70875300	70876071
214533	12	70876432	70876998
215483	12	77518445	77519149
215494	12	77611858	77612798
215547	12	77993486	77994393
216698	12	84217242	84217924
217665	12	90156142	90156768
217774	12	90674190	90674990
217777	12	90692755	90693485
217791	12	90797664	90798316
217942	12	91956036	91956878
218003	12	92452343	92453050
218085	12	92792374	92793164
218088	12	92799778	92800013
218143	12	92975222	92976024
218337	12	94517560	94518208
218519	12	95822111	95822781
218581	12	96617268	96618074
218628	12	96813255	96814093
218831	12	99119502	99120112
218888	12	99675850	99676873
219062	12	102103392	102104569
219162	12	103096165	103096902
219328	12	104898764	104899606
219461	12	106158238	106159916
219462	12	106177616	106178589
219490	12	106848747	106849424
219678	12	109255592	109256407
219957	12	113364138	113364740
220222	12	118511297	118512524
220372	12	120970481	120970949
220429	12	121398384	121398891
220542	12	122376977	122377570
220825	12	125076950	125077846
220832	12	125165761	125166421
221088	12	129267525	129268334
221096	12	129281928	129282568
221174	12	131246169	131247001
221203	12	131476804	131477684
221206	12	131486639	131487360
221209	12	131519421	131520395
221246	12	131939127	131939738
221267	12	132166538	132167231
221281	12	132335674	132336183
221282	12	132337097	132337926
221321	12	132673902	132674701
221361	12	133174318	133175621
221478	13	20496184	20496860
221492	13	20692310	20692825
221525	13	21063223	21063854
221644	13	22459041	22459885
221724	13	23889051	23889949
221756	13	24197063	24197663
221828	13	24721441	24722200
221873	13	25179895	25180851
221977	13	27049601	27051085
222290	13	30815561	30816208
222575	13	33491537	33492223
222990	13	38993451	38994141
223082	13	39988374	39989128
223104	13	40334533	40335161
223107	13	40350621	40351432
223352	13	42086455	42087900
223413	13	42902708	42903371
223680	13	46270850	46271486
223757	13	47029953	47030575
223850	13	47440170	47441034
223900	13	48281496	48282102
223932	13	48749069	48749868
224006	13	49165421	49166172
224096	13	50106958	50107375
224110	13	50194167	50194841
224390	13	53173684	53174795
224843	13	60277892	60278874
224857	13	60328235	60329243
224904	13	60722717	60723624
224981	13	61164798	61165942
225647	13	66796284	66796791
225648	13	66796865	66797689
225686	13	67081017	67081662
226953	13	75868114	75868935
226955	13	75872312	75872829
226956	13	75873554	75873897
226957	13	75874131	75875059
226961	13	75882202	75882786
227115	13	76454890	76455729
227377	13	78090319	78090937
227430	13	78384436	78385092
227697	13	80042380	80043440
228122	13	83165805	83167131
229333	13	93895838	93897175
229462	13	95071454	95072204
229640	13	96109393	96110168
229649	13	96137125	96137846
230351	13	100784297	100784886
230456	13	101910263	101910961
230687	13	103506880	103507584
231552	13	108994730	108995733
231954	13	111723398	111724095
231955	13	111760920	111761625
232033	13	112962463	112965653
232101	13	113622624	113624070
232133	13	114100077	114100924
232173	13	114633865	114634667
232184	13	114812631	114813271
232420	14	21882112	21882982
232435	14	22080291	22081043
232518	14	22974571	22975460
232585	14	23272329	23273215
232707	14	24527340	24528152
232750	14	24758679	24759408
232786	14	24932351	24933270
232790	14	24952728	24953588
232933	14	30268753	30269530
232936	14	30315550	30316553
232937	14	30326620	30327230
232938	14	30327328	30327950
232939	14	30368751	30370451
233159	14	33073147	33073672
233160	14	33075438	33076179
233435	14	36580941	36581558
233609	14	39698234	39698925
233719	14	40528220	40529105
233829	14	42768770	42769405
233852	14	42986745	42987933
234264	14	50475063	50475974
234406	14	51761563	51762218
234408	14	51768683	51769677
235504	14	64642998	64643560
235528	14	64873946	64874820
235529	14	64876170	64877289
235565	14	65175074	65175939
235754	14	67117212	67117806
235986	14	69802825	69803459
236340	14	74003711	74004723
236341	14	74005646	74006349
236385	14	74412777	74413652
236428	14	75270812	75271443
236472	14	75625600	75626407
236505	14	75830414	75831071
236670	14	77532172	77532763
236758	14	78280126	78280317
236769	14	78471542	78472139
237352	14	88675269	88676153
237422	14	89713760	89714964
237465	14	89863784	89864547
237503	14	90116502	90117433
237803	14	93153046	93153739
237811	14	93170530	93171267
238069	14	95810994	95811890
238081	14	95923183	95924397
238133	14	96136611	96137083
238471	14	101012412	101013464
238472	14	101014299	101014754
238579	14	102904196	102904848
238744	14	104155542	104156294
238985	14	106538837	106539891
238987	14	106550904	106551515
238988	14	106559087	106560298
239015	14	106898675	106899309
239026	14	106993519	106993925
239039	14	107094726	107095499
239048	14	107150484	107151581
239059	14	107182994	107183645
239062	14	107200769	107201270
239306	15	23097819	23098499
239483	15	30859002	30859760
239491	15	31010118	31010901
239496	15	31115271	31116085
239605	15	31942453	31943010
239624	15	32873979	32874735
239741	15	34847280	34847796
239826	15	37034807	37035482
239928	15	38850652	38851005
239964	15	38988323	38989095
240495	15	45936669	45937990
240680	15	49545269	49546294
240719	15	50426802	50427904
240732	15	50539842	50540545
240758	15	50776843	50777513
240765	15	50946511	50947235
240838	15	51912859	51913145
241198	15	57394417	57395501
241253	15	57939260	57940303
241550	15	62236039	62236756
241552	15	62318886	62319743
241649	15	63852731	63853617
241681	15	64174798	64175426
241796	15	65165052	65165772
241942	15	66859198	66859888
242179	15	70173491	70174631
242759	15	78236516	78237322
242968	15	81116240	81116916
243057	15	83023458	83024120
243088	15	83721803	83722416
243137	15	84660975	84661836
243150	15	84866774	84867814
243151	15	84914978	84915747
243202	15	85519965	85520712
243241	15	85777493	85778438
243247	15	85826919	85827544
243291	15	86013842	86014425
243293	15	86018023	86019174
243299	15	86032176	86032716
243300	15	86032976	86033680
243302	15	86037332	86038202
243303	15	86042692	86043743
243487	15	89440463	89441061
243654	15	91021836	91022688
243843	15	93226300	93227280
244487	15	100842019	100842679
244635	15	101931758	101932899
245091	16	4797105	4798556
245281	16	10387797	10388439
245465	16	11552074	11552731
245466	16	11589126	11590062
245485	16	11707053	11708198
245618	16	12707052	12707969
245624	16	12861536	12862408
245766	16	15949302	15950037
245897	16	18967074	18968203
246098	16	23075818	23076567
246313	16	27161143	27161858
246439	16	28765469	28766319
246686	16	31170905	31171528
246792	16	32330656	32331738
246793	16	32334774	32335615
246794	16	32350638	32352399
246800	16	32366879	32367504
246813	16	32605230	32607291
246876	16	33458764	33459257
246877	16	33459950	33460744
246878	16	33463171	33464632
246879	16	33502443	33503674
246894	16	33563307	33564422
246898	16	33605151	33606042
246899	16	33614649	33616117
246900	16	33618296	33619492
246901	16	33629181	33631126
247392	16	50368120	50368176
247393	16	50369037	50369911
247560	16	53483709	53484484
247595	16	53856852	53857581
247596	16	53874233	53874945
247729	16	56892199	56892617
247928	16	58248790	58249592
247977	16	58743130	58743828
248028	16	60362976	60363470
248030	16	60436715	60437413
248121	16	66355916	66356789
248353	16	68227909	68228655
248513	16	70195947	70196812
248514	16	70198868	70199554
248852	16	74926486	74927282
248905	16	75253684	75254199
248913	16	75278326	75279685
248947	16	75496866	75497019
248954	16	75518686	75519565
249150	16	78171673	78172588
249299	16	81033996	81034601
249503	16	83802696	83803604
249527	16	84133064	84133877
249540	16	84208804	84209794
249599	16	84839622	84840588
249609	16	85035877	85036881
249628	16	85137080	85137525
250037	16	89707313	89708039
250132	17	966631	967472
250341	17	3635238	3635937
250880	17	10220434	10221123
250947	17	12842914	12843704
251065	17	16190310	16190673
251112	17	16789774	16790596
251298	17	18306601	18307459
251303	17	18396232	18396985
251306	17	18585225	18586051
251316	17	18763652	18764507
251369	17	19560040	19560810
251420	17	20580688	20581349
251529	17	21341531	21342896
251573	17	22259914	22260181
252013	17	30229783	30230016
252163	17	33571252	33571891
252785	17	41586288	41587357
252980	17	43663537	43663835
252983	17	43697315	43698113
253002	17	44199134	44199835
253003	17	44213186	44214000
253016	17	44256264	44257213
253023	17	44302471	44303148
253024	17	44331074	44331708
253025	17	44336806	44338086
253027	17	44363943	44364594
253028	17	44368265	44369147
253029	17	44438907	44439590
253208	17	46590482	46590864
253409	17	48585484	48586234
253432	17	48849472	48850278
253626	17	53595495	53596375
253636	17	53702058	53703314
253704	17	54947347	54948169
253727	17	55123029	55124169
254427	17	63553325	63553847
254429	17	63559818	63560574
254634	17	66308481	66309209
254714	17	67219781	67220448
254741	17	67460388	67461006
254792	17	68294777	68295775
255098	17	72474467	72475379
255241	17	73567159	73567818
255543	17	76238342	76239276
255664	17	77706213	77707458
255768	17	79068415	79069430
255818	17	79581302	79582146
255819	17	79601463	79601816
255960	17	80926839	80927541
256043	18	723069	723799
256257	18	3172004	3172654
256772	18	10400318	10401054
256792	18	10606742	10607368
256793	18	10608996	10609614
256849	18	11293553	11294441
257546	18	23475517	23476583
257578	18	23751513	23753443
258678	18	34586567	34587297
259482	18	45204257	45204779
259483	18	45206141	45207358
259678	18	47460594	47461263
259702	18	47715287	47716104
259965	18	50906354	50906952
260008	18	51435948	51436516
260103	18	51914956	51915702
261056	18	60530567	60531297
261900	18	66308593	66310259
262592	18	70341818	70342494
262648	18	70652829	70653698
262807	18	71915459	71916259
262834	18	72167968	72168421
262852	18	72239409	72240052
262947	18	72973301	72974277
262948	18	72979336	72980063
263022	18	74117816	74118482
263037	18	74168704	74169235
263131	18	74734902	74735720
263326	18	77266134	77267710
263346	18	77442882	77443331
263347	18	77444136	77445173
263385	18	77720020	77720676
263487	19	888410	889405
263794	19	3124848	3125641
263803	19	3171810	3173280
263903	19	4327392	4327532
264095	19	6721664	6722648
264115	19	7013641	7014369
264230	19	8347005	8347833
264383	19	10750267	10750961
264554	19	12876653	12877433
264636	19	13775827	13776447
265532	19	30596466	30597151
265892	19	38444927	38445673
265948	19	38997448	38998290
266081	19	40372036	40372820
266205	19	41913161	41913757
266643	19	46974347	46975228
266656	19	47119720	47120714
266879	19	49379600	49380092
266883	19	49399263	49399950
267019	19	50420093	50421205
267141	19	52148007	52148629
267326	19	55582428	55582957
267688	20	1852408	1852915
267712	20	2198468	2199292
267758	20	2964486	2965402
267897	20	4775483	4776559
267951	20	5126092	5126770
267978	20	5484621	5485554
268039	20	5799508	5800188
268063	20	6054679	6055328
268201	20	7860334	7861097
268468	20	10603003	10603678
268506	20	11199659	11200278
268515	20	11241954	11242839
268751	20	14323493	14324868
268826	20	15313240	15314256
268966	20	17624182	17625273
268968	20	17628770	17629329
268969	20	17629538	17630214
269021	20	17968437	17969209
269153	20	20064357	20065129
269302	20	22207413	22208244
269303	20	22213053	22213974
269514	20	25064232	25065653
270091	20	33643335	33644229
270155	20	34644652	34645325
270301	20	36373778	36374545
270654	20	42416552	42417086
270743	20	43312049	43312675
270828	20	44402323	44403145
271071	20	47491827	47492927
271072	20	47493845	47494265
271379	20	50281474	50282533
271525	20	52521436	52522183
271550	20	52680499	52681482
271656	20	55581848	55582732
271770	20	57202105	57202859
271931	20	60950485	60950981
272005	20	61659037	61660271
272006	20	61660936	61661521
272684	21	15458851	15459423
272687	21	15467575	15468227
272688	21	15468376	15469148
272734	21	15898976	15900148
272759	21	15963631	15964703
272773	21	16095002	16095838
272839	21	16794267	16795537
274097	21	36714593	36715231
274260	21	38905306	38906093
274438	21	43243453	43244089
274847	21	46975561	46976381
274882	21	47716146	47716736
274970	22	17784601	17785660
275451	22	24326476	24327125
275452	22	24372321	24373324
275453	22	24383996	24384707
275774	22	30193238	30193775
276133	22	36830428	36830978
276309	22	38658093	38658786
276376	22	39380923	39381698
276410	22	39601241	39602087
276434	22	39747489	39748264
276436	22	39784133	39785138
276698	22	42924758	42925704
276700	22	42932970	42933861
276757	22	43360822	43361765
276800	22	44116534	44117212
276808	22	44280277	44281034
276878	22	45641968	45643115
276994	22	48314082	48315173
277044	22	50338283	50339424
